Campaign Name,Keyword.1,Keyword.2,Keyword.3,Keyword.4,Keyword.5,Keyword.6,Keyword.7,Keyword.8,Keyword.9,Keyword.10,Keyword.11,Keyword.12
Apple Cider Vinegar Gummies,apple cider vinegar gummies,apple cider gummies,apple cider vinegar supplements,apple cider vinegar gummy,apple cider vinegar gummies for weight loss,,,,,,,
Beef Bone Broth + Collagen Powder,bone broth protein,beef bone broth powder,collagen powder,collagen,bone broth protein powder,,,,,,,
Black Cohosh,black cohosh,black cohosh for menopause,black cohosh root,black cohosh capsules,black cohosh hot flash relief,,,,,,,
Caffeine + L-Theanine,caffeine pills ,caffeine,caffeine tablets,caffeine l theanine,caffeine supplements,caffeine theanine,caffeine capsules,l theanine caffeine,theanine caffeine,l theanine,l-theanine,theanine
Electrolyte Powder,electrolyte powder,electrolyte,electrolyte supplements,,,,,,,,,
Himalayan Salt Capsules,salt capsules,himalayan salt capsules,,,,,,,,,,
Kids Elderberry Gummies,elderberry gummies,elderberry,elderberry gummies for kids,kids elderberry gummies,elderberry kids,elderberry for kids,kids elderberry,elderberry kids gummies,,,,
Kids Vitamin D3 Gummies,vitamin d3 kids,vitamin d3 for kids,kids vitamin d3,vitamin d3,vitamin d3 gummies,d3 vitamin,,,,,,
Licorice Root Capsules,licorice root,licorice root exact,licorice extract,licorice root capsules,licorice supplement,,,,,,,
L-Serine Powder,l-serine,l serine,l serine powder,serine,l serine supplement,l-serine powder,,,,,,
Moringa Capsules,moringa,moringa capsules,moringa supplement,moringa extract,,,,,,,,
Myrrh Extract Capsules,myrrh capsules,myrrh extract,,,,,,,,,,
Organic Acacia Fiber Powder,acacia fiber,acacia,acacia fiber powder,acacia powder,,,,,,,,
Organic Beet Root Powder,beet root powder,beet root,organic beet root powder,beet root powder organic,beet root extract,,,,,,,
Organic Blueberry Powder,blueberry powder,blueberry powder organic,organic blueberry powder,,,,,,,,,
Organic Inulin Powder,inulin,inulin powder,inulin powder organic,organic inulin powder,inulin fiber,,,,,,,
Organic Kelp Powder,kelp,kelp supplement,kelp powder,kelp iodine,kelp powder organic,,,,,,,
Organic Matcha Powder (Ceremonial),matcha green tea powder,matcha,matcha powder,matcha tea,ceremonial grade matcha,matcha tea powder,matcha ceremonial grade,organic matcha green tea powder,organic matcha,ceremonial matcha,matcha powder organic,
Organic Matcha Powder (Culinary),matcha green tea powder,matcha,matcha powder,matcha tea,matcha powder organic,matcha tea powder,organic matcha,organic matcha green tea powder,organic matcha,,,
Organic Pineapple Powder,pineapple powder,pineapple powder organic,,,,,,,,,,
Organic Pomegranate Powder,pomegranate powder,organic pomegranate powder,pomegranate powder organic,,,,,,,,,
Organic Shiitake Mushroom Capsules,shiitake mushroom extract,shiitake mushrooms,shiitake mushroom,,,,,,,,,
Peanut Butter Powder,peanut butter powder,peanut butter protein powder,protein powder peanut butter,powder peanut butter,powdered peanut butter,,,,,,,
Phosphatidylserine Capsules,phosphatidylserine,phosphatidyl serine,,,,,,,,,,
Potassium Bicarbonate Powder,potassium bicarbonate,potassium supplement,potassium,potassium bicarbonate powder,,,,,,,,
Potassium Bicarbonate Powder,,,,,,,,,,,,
Saw Palmetto Extract Capsules,saw palmetto,saw palmetto for men,saw palmetto for women,saw palmetto extract,saw palmetto supplement,saw-palmetto,saw palmetto capsules,,,,,
Slippery Elm Bark Capsules,slippery elm,slippery elm bark,slippery elm capsules,slippery elm bark capsules,,,,,,,,
Sodium Bicarbonate Powder,sodium bicarbonate,sodium bicarbonate powder,,,,,,,,,,
Stim-Free Pre-Workout Powder,preworkout,stim free preworkout,stim free pre workout,pre workout,pre workout powder,pre-workout,pre-workout powder,,,,,
White Willow Bark Capsules,white willow bark,white willow bark capsules,white willow bark extract,,,,,,,,,
P5P Vitamin B6 Capsules,p5p,p5p vitamin b6,p5p supplement,,,,,,,,,
Keto BHB Pills,keto bhb,bhb,bhb exogenous ketones,keto bhb capsules for weight loss,bhb keto pills for weight loss,bhb salts,bhb keto,keto bhb pills,,,,
Blueberry Extract Capsules,blueberry extract,blueberry extract supplement,,,,,,,,,,
Burdock Root Capsules,burdock root,burdock root capsules,burdock,burdock root extract,,,,,,,,
Organic Turmeric Powder,turmeric,turmeric curcumin,turmeric powder,turmeric supplement,organic turmeric powder,organic turmeric,turmeric powder organic,turmeric curcimin powder,turmeric supplements,turmeric black pepper,turmeric organic,organic turmeric curcumin
Organic Broccoli Powder,broccoli powder,broccoli powder organic,,,,,,,,,,
Iron (Ferrous Sulfate) Tablets,iron supplement,iron supplement for women,iron supplement for men,ferrous sulfate 325mg,ferrous sulfate,iron 65mg ferrous sulfate 325mg,,,,,,
L-Serine Capsules,l-serine,l serine,l-serine capsules,serine,l serine supplement,l serine capsules,,,,,,
Organic Noni Capsules,noni,noni capsules,,,,,,,,,,
Olive Oil Capsules,olive oil capsules,olive oil extract,,,,,,,,,,
Choline Bitartrate Capsules,choline bitartrate,choline,choline supplements,choline supplement,,,,,,,,
Sodium Citrate Powder,sodium citrate,sodium citrate food grade,,,,,,,,,,
Sodium Chloride Tablets,sodium chloride,sodium chloride tablets 1 gm,sodium chloride tablets,,,,,,,,,
Organic Moringa Powder,moringa extract,moringa,moringa supplement,moringa powder,moringa tea,moringa powder organic,organic moringa powder,moringa leaf,moringa oleifera,moringa leaf powder,organic moringa,moringa powder for hair growth
Zinc Tablets,zinc,zinc supplements,zinc 50mg,zinc ,zinc supplement,zinc vitamins for adults,zinc capsules,pure zinc,zinc tablets,vitamin zinc,zinc citrate,zinc for acne
Grapefruit Seed Extract Capsules,grapefruit seed extract,gse grapefruit seed extract,grapefruit seed extract capsules,,,,,,,,,